<?xml version="1.0" encoding="UTF-8"?>

<ServiceRequest xmlns="http://hl7.org/fhir">
  <id value="example-laboratory-service-request"/>
  <meta>
    <profile value="http://i-tech-uw.github.io/laboratory-workflows-ig/StructureDefinition/laboratory-service-request"/>
  </meta>
  <text>
    <status value="generated"/><div xmlns="http://www.w3.org/1999/xhtml"><p><b>Generated Narrative</b></p><p><b>status</b>: active</p><p><b>intent</b>: order</p><p><b>code</b>: <span title="Codes: {http://loinc.org 14682-9}">14682-9</span></p><p><b>subject</b>: <a href="Patient-example-laboratory-patient.html">Generated Summary: iSantePlus ID: 10012R (OFFICIAL); active; moses Mutesa ; gender: female; birthDate: 1988-03-02; </a></p></div>
  </text>
  <status value="active"/>
  <intent value="order"/>
  <code>
    <coding>
      <system value="http://loinc.org"/>
      <code value="14682-9"/>
    </coding>
  </code>
  <subject>
    <reference value="Patient/example-laboratory-patient"/>
  </subject>
</ServiceRequest>