<?xml version="1.0" encoding="UTF-8"?><ImplementationGuide xmlns="http://hl7.org/fhir"><id value="laboratory.workflows.ig"/><text><status value="extensions"/><div xmlns="http://www.w3.org/1999/xhtml"><h2>LaboratoryIg</h2><p>The official URL for this implementation guide is: </p><pre>http://i-tech-uw.github.io/laboratory-workflows-ig/ImplementationGuide/laboratory.workflows.ig</pre><div><p>Implementation guide for FHIR-based communication for Laboratory Test Orders and Results
in the OpenHIE Architecture.</p>
</div></div></text><url value="http://i-tech-uw.github.io/laboratory-workflows-ig/ImplementationGuide/laboratory.workflows.ig"/><version value="0.2.0"/><name value="LaboratoryIg"/><title value="Laboratory Workflows Implementation Guide"/><status value="draft"/><experimental value="true"/><date value="2021-07-29T21:04:00+00:00"/><publisher value="I-TECH-UW"/><contact><name value="I-TECH-UW"/><telecom><system value="url"/><value value="www.github.com/i-tech-uw"/></telecom><telecom><system value="email"/><value value="pmanko@uw.edu"/></telecom></contact><description value="Implementation guide for FHIR-based communication for Laboratory Test Orders and Results&#xA;in the OpenHIE Architecture.&#xA;"/><packageId value="laboratory.workflows.ig"/><license value="CC-BY-SA-4.0"/><fhirVersion value="4.0.1"/><dependsOn id="hl7_fhir_uv_ips"><uri value="http://hl7.org/fhir/uv/ips/ImplementationGuide/hl7.fhir.uv.ips"/><packageId value="hl7.fhir.uv.ips"/><version value="1.0.0"/></dependsOn><definition><extension url="http://hl7.org/fhir/tools/StructureDefinition/ig-parameter"><extension url="code"><valueString value="copyrightyear"/></extension><extension url="value"><valueString value="2021+"/></extension></extension><extension url="http://hl7.org/fhir/tools/StructureDefinition/ig-parameter"><extension url="code"><valueString value="releaselabel"/></extension><extension url="value"><valueString value="ci-build"/></extension></extension><extension url="http://hl7.org/fhir/tools/StructureDefinition/ig-parameter"><extension url="code"><valueString value="excludettl"/></extension><extension url="value"><valueString value="true"/></extension></extension><extension url="http://hl7.org/fhir/tools/StructureDefinition/ig-parameter"><extension url="code"><valueString value="autoload-resources"/></extension><extension url="value"><valueString value="true"/></extension></extension><extension url="http://hl7.org/fhir/tools/StructureDefinition/ig-parameter"><extension url="code"><valueString value="path-liquid"/></extension><extension url="value"><valueString value="template/liquid"/></extension></extension><extension url="http://hl7.org/fhir/tools/StructureDefinition/ig-parameter"><extension url="code"><valueString value="path-liquid"/></extension><extension url="value"><valueString value="input/liquid"/></extension></extension><extension url="http://hl7.org/fhir/tools/StructureDefinition/ig-parameter"><extension url="code"><valueString value="path-qa"/></extension><extension url="value"><valueString value="temp/qa"/></extension></extension><extension url="http://hl7.org/fhir/tools/StructureDefinition/ig-parameter"><extension url="code"><valueString value="path-temp"/></extension><extension url="value"><valueString value="temp/pages"/></extension></extension><extension url="http://hl7.org/fhir/tools/StructureDefinition/ig-parameter"><extension url="code"><valueString value="path-output"/></extension><extension url="value"><valueString value="output"/></extension></extension><extension url="http://hl7.org/fhir/tools/StructureDefinition/ig-parameter"><extension url="code"><valueString value="path-suppressed-warnings"/></extension><extension url="value"><valueString value="input/ignoreWarnings.txt"/></extension></extension><extension url="http://hl7.org/fhir/tools/StructureDefinition/ig-parameter"><extension url="code"><valueString value="path-history"/></extension><extension url="value"><valueString value="http://i-tech-uw.github.io/laboratory-workflows-ig/history.html"/></extension></extension><extension url="http://hl7.org/fhir/tools/StructureDefinition/ig-parameter"><extension url="code"><valueString value="template-html"/></extension><extension url="value"><valueString value="template-page.html"/></extension></extension><extension url="http://hl7.org/fhir/tools/StructureDefinition/ig-parameter"><extension url="code"><valueString value="template-md"/></extension><extension url="value"><valueString value="template-page-md.html"/></extension></extension><extension url="http://hl7.org/fhir/tools/StructureDefinition/ig-parameter"><extension url="code"><valueString value="apply-contact"/></extension><extension url="value"><valueString value="true"/></extension></extension><extension url="http://hl7.org/fhir/tools/StructureDefinition/ig-parameter"><extension url="code"><valueString value="apply-context"/></extension><extension url="value"><valueString value="true"/></extension></extension><extension url="http://hl7.org/fhir/tools/StructureDefinition/ig-parameter"><extension url="code"><valueString value="apply-copyright"/></extension><extension url="value"><valueString value="true"/></extension></extension><extension url="http://hl7.org/fhir/tools/StructureDefinition/ig-parameter"><extension url="code"><valueString value="apply-jurisdiction"/></extension><extension url="value"><valueString value="true"/></extension></extension><extension url="http://hl7.org/fhir/tools/StructureDefinition/ig-parameter"><extension url="code"><valueString value="apply-license"/></extension><extension url="value"><valueString value="true"/></extension></extension><extension url="http://hl7.org/fhir/tools/StructureDefinition/ig-parameter"><extension url="code"><valueString value="apply-publisher"/></extension><extension url="value"><valueString value="true"/></extension></extension><extension url="http://hl7.org/fhir/tools/StructureDefinition/ig-parameter"><extension url="code"><valueString value="apply-version"/></extension><extension url="value"><valueString value="true"/></extension></extension><extension url="http://hl7.org/fhir/tools/StructureDefinition/ig-parameter"><extension url="code"><valueString value="active-tables"/></extension><extension url="value"><valueString value="true"/></extension></extension><grouping id="-str-logicalmodel"><name value="Structures: Logical Models"/><description value="These define data models that represent the domain covered by this implementation guide in more business-friendly terms than the underlying FHIR resources."/></grouping><grouping id="-str-profile"><name value="Structures: Resource Profiles"/><description value="These define constraints on FHIR resources for systems conforming to this implementation guide"/></grouping><grouping id="-str-datatype"><name value="Structures: Data Type Profiles"/><description value="These define constraints on FHIR data types for systems conforming to this implementation guide"/></grouping><grouping id="-str-extension"><name value="Structures: Extension Definitions"/><description value="These define constraints on FHIR data types for systems conforming to this implementation guide"/></grouping><grouping id="-term-valueset"><name value="Terminology: Value Sets"/><description value="These define sets of codes used by systems conforming to this implementation guide"/></grouping><grouping id="-ex-example"><name value="Example: Example Instances"/><description value="These are example instances that show what data produced and consumed by systems conforming with this implementation guide might look like"/></grouping><resource><extension url="http://hl7.org/fhir/StructureDefinition/implementationguide-page"><valueUri value="StructureDefinition-laboratory-diagnostic-report.html"/></extension><reference><reference value="StructureDefinition/laboratory-diagnostic-report"/></reference><name value="Laboratory Diagnostic Report"/><description value="DiagnosticReport resource created by a LIS that representing results of an order submitted from an EMR System"/><exampleBoolean value="false"/><groupingId value="-str-profile"/></resource><resource><extension url="http://hl7.org/fhir/StructureDefinition/implementationguide-page"><valueUri value="StructureDefinition-laboratory-encounter.html"/></extension><reference><reference value="StructureDefinition/laboratory-encounter"/></reference><name value="Laboratory Encounter"/><description value="Encounter resource associated with the Service Request for a lab order generated by the EMR"/><exampleBoolean value="false"/><groupingId value="-str-profile"/></resource><resource><extension url="http://hl7.org/fhir/StructureDefinition/implementationguide-page"><valueUri value="StructureDefinition-laboratory-composition.html"/></extension><reference><reference value="StructureDefinition/laboratory-composition"/></reference><name value="Laboratory Order Composition"/><description value="This composition packages information needed to facilitate lab order communication between clinical systems in Botswana."/><exampleBoolean value="false"/><groupingId value="-str-profile"/></resource><resource><extension url="http://hl7.org/fhir/StructureDefinition/implementationguide-page"><valueUri value="StructureDefinition-laboratory-observation.html"/></extension><reference><reference value="StructureDefinition/laboratory-observation"/></reference><name value="Laboratory Observation"/><description value="Observation resource created by a LIS that representing a result for an order submitted by an EMR System"/><exampleBoolean value="false"/><groupingId value="-str-profile"/></resource><resource><extension url="http://hl7.org/fhir/StructureDefinition/implementationguide-page"><valueUri value="StructureDefinition-laboratory-openmrs-identifier.html"/></extension><reference><reference value="StructureDefinition/laboratory-openmrs-identifier"/></reference><name value="Laboratory Workflow OpenMRS Identifier"/><description value="A identifier for OpenMRS"/><exampleBoolean value="false"/><groupingId value="-str-datatype"/></resource><resource><extension url="http://hl7.org/fhir/StructureDefinition/implementationguide-page"><valueUri value="StructureDefinition-laboratory-patient.html"/></extension><reference><reference value="StructureDefinition/laboratory-patient"/></reference><name value="Laboratory Workflow Patient"/><description value="A patient used for EMR - LIS lab order and result communication."/><exampleBoolean value="false"/><groupingId value="-str-profile"/></resource><resource><extension url="http://hl7.org/fhir/StructureDefinition/implementationguide-page"><valueUri value="StructureDefinition-laboratory-practitioner.html"/></extension><reference><reference value="StructureDefinition/laboratory-practitioner"/></reference><name value="Laboratory Encounter"/><description value="Practitioner resource associated with the Service Request for a lab order generated by the EMR"/><exampleBoolean value="false"/><groupingId value="-str-profile"/></resource><resource><extension url="http://hl7.org/fhir/StructureDefinition/implementationguide-page"><valueUri value="StructureDefinition-laboratory-service-request.html"/></extension><reference><reference value="StructureDefinition/laboratory-service-request"/></reference><name value="Laboratory Service Request"/><description value="A service request created by an EMR representing an order for an LIS system"/><exampleBoolean value="false"/><groupingId value="-str-profile"/></resource><resource><extension url="http://hl7.org/fhir/StructureDefinition/implementationguide-page"><valueUri value="StructureDefinition-laboratory-task.html"/></extension><reference><reference value="StructureDefinition/laboratory-task"/></reference><name value="Laboratory Workflow Task Resource"/><description value="A Task resource for tracking order state and synchronizing communication between an EMR and a LIS"/><exampleBoolean value="false"/><groupingId value="-str-profile"/></resource><resource><extension url="http://hl7.org/fhir/StructureDefinition/implementationguide-page"><valueUri value="StructureDefinition-laboratory-patient-identifier-location.html"/></extension><reference><reference value="StructureDefinition/laboratory-patient-identifier-location"/></reference><name value="Laboratory Patient Identifier Location Extension"/><description value="OpenMRS-specific location for OpenMRS ID Identifier"/><exampleBoolean value="false"/><groupingId value="-str-extension"/></resource><resource><extension url="http://hl7.org/fhir/StructureDefinition/implementationguide-page"><valueUri value="ValueSet-laboratory-diagnostic-report-status-vs.html"/></extension><reference><reference value="ValueSet/laboratory-diagnostic-report-status-vs"/></reference><name value="Laboratory Diagnostic Report Status Flag"/><description value="The status of the diagnostic report, subset from https://www.hl7.org/fhir/valueset-diagnostic-report-status.html"/><exampleBoolean value="false"/><groupingId value="-term-valueset"/></resource><resource><extension url="http://hl7.org/fhir/StructureDefinition/implementationguide-page"><valueUri value="ValueSet-laboratory-order-code-vs.html"/></extension><reference><reference value="ValueSet/laboratory-order-code-vs"/></reference><name value="EMR Lab Order Code"/><description value="The code for the lab order requested in the EMR."/><exampleBoolean value="false"/><groupingId value="-term-valueset"/></resource><resource><extension url="http://hl7.org/fhir/StructureDefinition/implementationguide-page"><valueUri value="ValueSet-laboratory-task-intent-vs.html"/></extension><reference><reference value="ValueSet/laboratory-task-intent-vs"/></reference><name value="Laboratory Intent for Task"/><description value="The intent of the task, subset from https://www.hl7.org/FHIR/valueset-task-intent.html"/><exampleBoolean value="false"/><groupingId value="-term-valueset"/></resource><resource><extension url="http://hl7.org/fhir/StructureDefinition/implementationguide-page"><valueUri value="ValueSet-laboratory-task-status-vs.html"/></extension><reference><reference value="ValueSet/laboratory-task-status-vs"/></reference><name value="Laboratory Status for Task"/><description value="The state of the task, subset from https://www.hl7.org/FHIR/valueset-task-status.html"/><exampleBoolean value="false"/><groupingId value="-term-valueset"/></resource><resource><extension url="http://hl7.org/fhir/StructureDefinition/implementationguide-page"><valueUri value="StructureDefinition-LaboratoryLogicalModel.html"/></extension><reference><reference value="StructureDefinition/LaboratoryLogicalModel"/></reference><name value="Laboratory Logical Model"/><description value="Laboratory Communication Logical Model"/><exampleBoolean value="false"/><groupingId value="-str-logicalmodel"/></resource><resource><extension url="http://hl7.org/fhir/StructureDefinition/implementationguide-page"><valueUri value="Bundle-example-laboratory-bundle.html"/></extension><reference><reference value="Bundle/example-laboratory-bundle"/></reference><name value="Laboratory Bundle"/><description value="Example Full Laboratory Bundle"/><exampleBoolean value="true"/><groupingId value="-ex-example"/></resource><resource><extension url="http://hl7.org/fhir/StructureDefinition/implementationguide-page"><valueUri value="Composition-example-laboratory-composition.html"/></extension><reference><reference value="Composition/example-laboratory-composition"/></reference><name value="Laboratory Lab Composition"/><description value="Example Lab Order Composition"/><exampleCanonical value="http://i-tech-uw.github.io/laboratory-workflows-ig/StructureDefinition/laboratory-composition"/><groupingId value="-ex-example"/></resource><resource><extension url="http://hl7.org/fhir/StructureDefinition/implementationguide-page"><valueUri value="DiagnosticReport-example-laboratory-diagnostic-report.html"/></extension><reference><reference value="DiagnosticReport/example-laboratory-diagnostic-report"/></reference><name value="Laboratory DiagnosticReport"/><description value="Example Laboratory DiagnosticReport"/><exampleCanonical value="http://i-tech-uw.github.io/laboratory-workflows-ig/StructureDefinition/laboratory-diagnostic-report"/><groupingId value="-ex-example"/></resource><resource><extension url="http://hl7.org/fhir/StructureDefinition/implementationguide-page"><valueUri value="Encounter-example-laboratory-encounter.html"/></extension><reference><reference value="Encounter/example-laboratory-encounter"/></reference><name value="Laboratory Encounter"/><description value="Example Laboratory Encounter"/><exampleCanonical value="http://i-tech-uw.github.io/laboratory-workflows-ig/StructureDefinition/laboratory-encounter"/><groupingId value="-ex-example"/></resource><resource><extension url="http://hl7.org/fhir/StructureDefinition/implementationguide-page"><valueUri value="Observation-example-laboratory-observation.html"/></extension><reference><reference value="Observation/example-laboratory-observation"/></reference><name value="Laboratory Observation"/><description value="Example Laboratory Observation"/><exampleCanonical value="http://i-tech-uw.github.io/laboratory-workflows-ig/StructureDefinition/laboratory-observation"/><groupingId value="-ex-example"/></resource><resource><extension url="http://hl7.org/fhir/StructureDefinition/implementationguide-page"><valueUri value="Patient-example-laboratory-patient.html"/></extension><reference><reference value="Patient/example-laboratory-patient"/></reference><name value="Laboratory Patient"/><description value="Example Laboratory Patient"/><exampleCanonical value="http://i-tech-uw.github.io/laboratory-workflows-ig/StructureDefinition/laboratory-patient"/><groupingId value="-ex-example"/></resource><resource><extension url="http://hl7.org/fhir/StructureDefinition/implementationguide-page"><valueUri value="Practitioner-example-laboratory-practitioner.html"/></extension><reference><reference value="Practitioner/example-laboratory-practitioner"/></reference><name value="Laboratory Practitioner"/><description value="Example Laboratory Practitioner"/><exampleCanonical value="http://i-tech-uw.github.io/laboratory-workflows-ig/StructureDefinition/laboratory-practitioner"/><groupingId value="-ex-example"/></resource><resource><extension url="http://hl7.org/fhir/StructureDefinition/implementationguide-page"><valueUri value="ServiceRequest-example-laboratory-service-request-1.html"/></extension><reference><reference value="ServiceRequest/example-laboratory-service-request-1"/></reference><name value="Laboratory ServiceRequest 1"/><description value="Example ServiceRequest resource representing a Lab Test Order"/><exampleCanonical value="http://i-tech-uw.github.io/laboratory-workflows-ig/StructureDefinition/laboratory-service-request"/><groupingId value="-ex-example"/></resource><resource><extension url="http://hl7.org/fhir/StructureDefinition/implementationguide-page"><valueUri value="ServiceRequest-example-laboratory-service-request-2.html"/></extension><reference><reference value="ServiceRequest/example-laboratory-service-request-2"/></reference><name value="Laboratory ServiceRequest 2"/><description value="Example ServiceRequest resource representing a Lab Test Order"/><exampleCanonical value="http://i-tech-uw.github.io/laboratory-workflows-ig/StructureDefinition/laboratory-service-request"/><groupingId value="-ex-example"/></resource><resource><extension url="http://hl7.org/fhir/StructureDefinition/implementationguide-page"><valueUri value="ServiceRequest-example-laboratory-service-request-panel.html"/></extension><reference><reference value="ServiceRequest/example-laboratory-service-request-panel"/></reference><name value="Laboratory ServiceRequest Panel"/><description value="Example ServiceRequest resource representing a Lab Test Order Panel"/><exampleCanonical value="http://i-tech-uw.github.io/laboratory-workflows-ig/StructureDefinition/laboratory-service-request"/><groupingId value="-ex-example"/></resource><resource><extension url="http://hl7.org/fhir/StructureDefinition/implementationguide-page"><valueUri value="Task-example-laboratory-task-requested.html"/></extension><reference><reference value="Task/example-laboratory-task-requested"/></reference><name value="Lab Order Task - Requested"/><description value="Example Task for Requested Lab Orders"/><exampleCanonical value="http://i-tech-uw.github.io/laboratory-workflows-ig/StructureDefinition/laboratory-task"/><groupingId value="-ex-example"/></resource><page><nameUrl value="toc.html"/><title value="Table of Contents"/><generation value="html"/><page><nameUrl value="index.html"/><title value="Home"/><generation value="html"/></page><page><nameUrl value="background.html"/><title value="Background"/><generation value="html"/></page><page><nameUrl value="changes.html"/><title value="Changes"/><generation value="html"/></page><page><nameUrl value="downloads.html"/><title value="Downloads"/><generation value="html"/></page><page><nameUrl value="spec.html"/><title value="Spec"/><generation value="markdown"/></page><page><nameUrl value="artifacts.html"/><title value="Artifacts Summary"/><generation value="html"/><page><nameUrl value="StructureDefinition-LaboratoryLogicalModel.html"/><title value="Laboratory Logical Model"/><generation value="generated"/></page><page><nameUrl value="StructureDefinition-laboratory-diagnostic-report.html"/><title value="Laboratory Diagnostic Report"/><generation value="generated"/></page><page><nameUrl value="StructureDefinition-laboratory-encounter.html"/><title value="Laboratory Encounter"/><generation value="generated"/></page><page><nameUrl value="StructureDefinition-laboratory-composition.html"/><title value="Laboratory Order Composition"/><generation value="generated"/></page><page><nameUrl value="StructureDefinition-laboratory-observation.html"/><title value="Laboratory Observation"/><generation value="generated"/></page><page><nameUrl value="StructureDefinition-laboratory-patient.html"/><title value="Laboratory Workflow Patient"/><generation value="generated"/></page><page><nameUrl value="StructureDefinition-laboratory-practitioner.html"/><title value="Laboratory Encounter"/><generation value="generated"/></page><page><nameUrl value="StructureDefinition-laboratory-service-request.html"/><title value="Laboratory Service Request"/><generation value="generated"/></page><page><nameUrl value="StructureDefinition-laboratory-task.html"/><title value="Laboratory Workflow Task Resource"/><generation value="generated"/></page><page><nameUrl value="StructureDefinition-laboratory-openmrs-identifier.html"/><title value="Laboratory Workflow OpenMRS Identifier"/><generation value="generated"/></page><page><nameUrl value="StructureDefinition-laboratory-patient-identifier-location.html"/><title value="Laboratory Patient Identifier Location Extension"/><generation value="generated"/></page><page><nameUrl value="ValueSet-laboratory-diagnostic-report-status-vs.html"/><title value="Laboratory Diagnostic Report Status Flag"/><generation value="generated"/></page><page><nameUrl value="ValueSet-laboratory-order-code-vs.html"/><title value="EMR Lab Order Code"/><generation value="generated"/></page><page><nameUrl value="ValueSet-laboratory-task-intent-vs.html"/><title value="Laboratory Intent for Task"/><generation value="generated"/></page><page><nameUrl value="ValueSet-laboratory-task-status-vs.html"/><title value="Laboratory Status for Task"/><generation value="generated"/></page><page><nameUrl value="Bundle-example-laboratory-bundle.html"/><title value="Laboratory Bundle"/><generation value="generated"/></page><page><nameUrl value="Composition-example-laboratory-composition.html"/><title value="Laboratory Lab Composition"/><generation value="generated"/></page><page><nameUrl value="DiagnosticReport-example-laboratory-diagnostic-report.html"/><title value="Laboratory DiagnosticReport"/><generation value="generated"/></page><page><nameUrl value="Encounter-example-laboratory-encounter.html"/><title value="Laboratory Encounter"/><generation value="generated"/></page><page><nameUrl value="Observation-example-laboratory-observation.html"/><title value="Laboratory Observation"/><generation value="generated"/></page><page><nameUrl value="Patient-example-laboratory-patient.html"/><title value="Laboratory Patient"/><generation value="generated"/></page><page><nameUrl value="Practitioner-example-laboratory-practitioner.html"/><title value="Laboratory Practitioner"/><generation value="generated"/></page><page><nameUrl value="ServiceRequest-example-laboratory-service-request-1.html"/><title value="Laboratory ServiceRequest 1"/><generation value="generated"/></page><page><nameUrl value="ServiceRequest-example-laboratory-service-request-2.html"/><title value="Laboratory ServiceRequest 2"/><generation value="generated"/></page><page><nameUrl value="ServiceRequest-example-laboratory-service-request-panel.html"/><title value="Laboratory ServiceRequest Panel"/><generation value="generated"/></page><page><nameUrl value="Task-example-laboratory-task-requested.html"/><title value="Lab Order Task - Requested"/><generation value="generated"/></page></page></page><parameter><code value="path-resource"/><value value="input/capabilities"/></parameter><parameter><code value="path-resource"/><value value="input/examples"/></parameter><parameter><code value="path-resource"/><value value="input/extensions"/></parameter><parameter><code value="path-resource"/><value value="input/models"/></parameter><parameter><code value="path-resource"/><value value="input/operations"/></parameter><parameter><code value="path-resource"/><value value="input/profiles"/></parameter><parameter><code value="path-resource"/><value value="input/resources"/></parameter><parameter><code value="path-resource"/><value value="input/vocabulary"/></parameter><parameter><code value="path-resource"/><value value="input/maps"/></parameter><parameter><code value="path-resource"/><value value="input/testing"/></parameter><parameter><code value="path-resource"/><value value="input/history"/></parameter><parameter><code value="path-resource"/><value value="fsh-generated/resources"/></parameter><parameter><code value="path-pages"/><value value="template/config"/></parameter><parameter><code value="path-pages"/><value value="input/images"/></parameter><parameter><code value="path-tx-cache"/><value value="input-cache/txcache"/></parameter></definition></ImplementationGuide>