[
  {
    "id": "openhie.fhir.emr.lis",
    "type": "ImplementationGuide",
    "url": "http://openhie.org/fhir/ImplementationGuide/ImplementationGuide/openhie.fhir.emr.lis",
    "version": "0.1.0-test",
    "name": "EmrLisCommunication"
  },
  {
    "id": "emr-lab-diagnostic-report",
    "type": "StructureDefinition",
    "url": "http://openhie.org/fhir/StructureDefinition/emr-lab-diagnostic-report",
    "version": "0.1.0-test",
    "name": "EmrLabDiagnosticReport"
  },
  {
    "id": "emr-lab-encounter",
    "type": "StructureDefinition",
    "url": "http://openhie.org/fhir/StructureDefinition/emr-lab-encounter",
    "version": "0.1.0-test",
    "name": "EmrLabEncounter"
  },
  {
    "id": "emr-lab-observation",
    "type": "StructureDefinition",
    "url": "http://openhie.org/fhir/StructureDefinition/emr-lab-observation",
    "version": "0.1.0-test",
    "name": "EmrLabObservation"
  },
  {
    "id": "emr-lab-patient",
    "type": "StructureDefinition",
    "url": "http://openhie.org/fhir/StructureDefinition/emr-lab-patient",
    "version": "0.1.0-test",
    "name": "EmrLabPatient"
  },
  {
    "id": "emr-lab-service-request",
    "type": "StructureDefinition",
    "url": "http://openhie.org/fhir/StructureDefinition/emr-lab-service-request",
    "version": "0.1.0-test",
    "name": "EmrLabServiceRequest"
  },
  {
    "id": "emr-lab-task",
    "type": "StructureDefinition",
    "url": "http://openhie.org/fhir/StructureDefinition/emr-lab-task",
    "version": "0.1.0-test",
    "name": "EmrLabTask"
  },
  {
    "id": "emr-lab-diagnostic-report-status-vs",
    "type": "ValueSet",
    "url": "http://openhie.org/fhir/ValueSet/emr-lab-diagnostic-report-status-vs",
    "version": "0.1.0-test",
    "name": "EmrLabDiagnosticReportStatusVS"
  },
  {
    "id": "emr-lab-order-code-vs",
    "type": "ValueSet",
    "url": "http://openhie.org/fhir/ValueSet/emr-lab-order-code-vs",
    "version": "0.1.0-test",
    "name": "EmrLabOrderCodeVS"
  },
  {
    "id": "emr-lab-task-intent-vs",
    "type": "ValueSet",
    "url": "http://openhie.org/fhir/ValueSet/emr-lab-task-intent-vs",
    "version": "0.1.0-test",
    "name": "EmrLabTaskIntentVS"
  },
  {
    "id": "emr-lab-task-status-vs",
    "type": "ValueSet",
    "url": "http://openhie.org/fhir/ValueSet/emr-lab-task-status-vs",
    "version": "0.1.0-test",
    "name": "EmrLabTaskStatusVS"
  }
]