<?xml version="1.0" encoding="UTF-8"?>

<Composition xmlns="http://hl7.org/fhir">
  <id value="example-laboratory-composition"/>
  <meta>
    <profile value="http://i-tech-uw.github.io/laboratory-workflows-ig/StructureDefinition/laboratory-composition"/>
  </meta>
  <text>
    <status value="generated"/><div xmlns="http://www.w3.org/1999/xhtml"><p><b>Generated Narrative</b></p><div style="display: inline-block; background-color: #d9e0e7; padding: 6px; margin: 4px; border: 1px solid #8da1b4; border-radius: 5px; line-height: 60%"><p style="margin-bottom: 0px">Resource "example-laboratory-composition" </p><p style="margin-bottom: 0px">Profile: <a href="StructureDefinition-laboratory-composition.html">Laboratory Order Composition</a></p></div><p><b>status</b>: final</p><p><b>type</b>: document <span style="background: LightGoldenRodYellow; margin: 4px; border: 1px solid khaki"> ([not stated]#document)</span></p><p><b>date</b>: 2021-06-06</p><p><b>author</b>: <a href="Practitioner-example-laboratory-practitioner.html">Practitioner/example-laboratory-practitioner</a> ""</p><p><b>title</b>: Laboratory Composition</p></div>
  </text>
  <status value="final"/>
  <type>
    <coding>
      <code value="document"/>
    </coding>
  </type>
  <subject>
    <reference value="Patient/example-laboratory-patient"/>
  </subject>
  <date value="2021-06-06"/>
  <author>
    <reference value="Practitioner/example-laboratory-practitioner"/>
  </author>
  <title value="Laboratory Composition"/>
  <section>
    <entry>
      <reference value="Task/example-laboratory-task-requested"/>
    </entry>
  </section>
  <section>
    <entry>
      <reference value="ServiceRequest/example-laboratory-service-request-panel"/>
    </entry>
    <entry>
      <reference value="ServiceRequest/example-laboratory-service-request-1"/>
    </entry>
    <entry>
      <reference value="ServiceRequest/example-laboratory-service-request-2"/>
    </entry>
  </section>
</Composition>