<?xml version="1.0" encoding="UTF-8"?>

<DiagnosticReport xmlns="http://hl7.org/fhir">
  <id value="example-laboratory-diagnostic-report"/>
  <meta>
    <profile value="http://i-tech-uw.github.io/laboratory-workflows-ig/StructureDefinition/laboratory-diagnostic-report"/>
  </meta>
  <text>
    <status value="generated"/><div xmlns="http://www.w3.org/1999/xhtml"><h2><span title="Codes: {http://loinc.org 22748-8}">Cholesterol in LDL [Moles/volume] in Serum or Plasma</span> (<span title="Codes: {http://loinc.org 22748-8}">Cholesterol in LDL [Moles/volume] in Serum or Plasma</span>) </h2><table class="grid"><tr><td>Subject</td><td>Unable to get Patient Details</td></tr><tr><td>When For</td><td>2011-03-04 08:30:00+1100</td></tr></table><p><b>Report Details</b></p><table class="grid"><tr><td><b>Code</b></td><td><b>Value</b></td></tr><tr><td><a href="Observation-example-laboratory-observation.html"><span title="Codes: {http://loinc.org 22748-8}">Cholesterol in LDL [Moles/volume] in Serum or Plasma</span></a></td><td>55 UI/L</td></tr></table></div>
  </text>
  <status value="final"/>
  <category>
    <coding>
      <system value="http://loinc.org"/>
      <code value="22748-8"/>
    </coding>
  </category>
  <code>
    <coding>
      <system value="http://loinc.org"/>
      <code value="22748-8"/>
    </coding>
  </code>
  <subject>
    <reference value="example-laboratory-patient"/>
    <type value="Patient"/>
  </subject>
  <effectiveDateTime value="2011-03-04T08:30:00+11:00"/>
  <result>
    <reference value="Observation/example-laboratory-observation"/>
    <type value="Observation"/>
  </result>
</DiagnosticReport>