{
  "resourceType": "Encounter",
  "id": "example-laboratory-encounter",
  "meta": {
    "profile": [
      "http://i-tech-uw.github.io/laboratory-workflows-ig/StructureDefinition/laboratory-encounter"
    ]
  },
  "text": {
    "status": "generated",
    "div": "<div xmlns=\"http://www.w3.org/1999/xhtml\"><p><b>Generated Narrative</b></p><div style=\"display: inline-block; background-color: #d9e0e7; padding: 6px; margin: 4px; border: 1px solid #8da1b4; border-radius: 5px; line-height: 60%\"><p style=\"margin-bottom: 0px\">Resource \"example-laboratory-encounter\" </p><p style=\"margin-bottom: 0px\">Profile: <a href=\"StructureDefinition-laboratory-encounter.html\">Laboratory Encounter</a></p></div><p><b>status</b>: in-progress</p><p><b>class</b>: inpatient encounter (Details: [not stated] code null = 'null', stated as 'inpatient encounter')</p><p><b>subject</b>: <a href=\"Patient-example-laboratory-patient.html\">Patient/example-laboratory-patient</a> \" MUTESA\"</p></div>"
  },
  "status": "in-progress",
  "class": {
    "display": "inpatient encounter"
  },
  "subject": {
    "reference": "Patient/example-laboratory-patient",
    "type": "Patient"
  }
}