<?xml version="1.0" encoding="UTF-8"?>

<ImplementationGuide xmlns="http://hl7.org/fhir">
  <id value="laboratory.workflows.ig"/>
  <text>
    <status value="extensions"/><div xmlns="http://www.w3.org/1999/xhtml"><h2>LaboratoryIg</h2><p>The official URL for this implementation guide is: </p><pre>http://i-tech-uw.github.io/laboratory-workflows-ig/ImplementationGuide/laboratory.workflows.ig</pre><div><p>Implementation guide for FHIR-based communication for Laboratory Test Orders and Results
in the OpenHIE Architecture.</p>
</div></div>
  </text>
  <url value="http://i-tech-uw.github.io/laboratory-workflows-ig/ImplementationGuide/laboratory.workflows.ig"/>
  <version value="0.2.0"/>
  <name value="LaboratoryIg"/>
  <title value="Laboratory Workflows Implementation Guide"/>
  <status value="draft"/>
  <experimental value="true"/>
  <date value="2021-08-04T04:50:19+00:00"/>
  <publisher value="I-TECH-UW"/>
  <contact>
    <name value="I-TECH-UW"/>
    <telecom>
      <system value="url"/>
      <value value="www.github.com/i-tech-uw"/>
    </telecom>
    <telecom>
      <system value="email"/>
      <value value="pmanko@uw.edu"/>
    </telecom>
  </contact>
  <description value="Implementation guide for FHIR-based communication for Laboratory Test Orders and Results&#xA;in the OpenHIE Architecture.&#xA;"/>
  <packageId value="laboratory.workflows.ig"/>
  <license value="CC-BY-SA-4.0"/>
  <fhirVersion value="4.0.1"/>
  <dependsOn id="hl7_fhir_uv_ips">
    <uri value="http://hl7.org/fhir/uv/ips/ImplementationGuide/hl7.fhir.uv.ips"/>
    <packageId value="hl7.fhir.uv.ips"/>
    <version value="1.0.0"/>
  </dependsOn>
  <definition>
    <extension url="http://hl7.org/fhir/tools/StructureDefinition/ig-parameter">
      <extension url="code">
        <valueString value="copyrightyear"/>
      </extension>
      <extension url="value">
        <valueString value="2021+"/>
      </extension>
    </extension>
    <extension url="http://hl7.org/fhir/tools/StructureDefinition/ig-parameter">
      <extension url="code">
        <valueString value="releaselabel"/>
      </extension>
      <extension url="value">
        <valueString value="ci-build"/>
      </extension>
    </extension>
    <extension url="http://hl7.org/fhir/tools/StructureDefinition/ig-parameter">
      <extension url="code">
        <valueString value="excludettl"/>
      </extension>
      <extension url="value">
        <valueString value="true"/>
      </extension>
    </extension>
    <extension url="http://hl7.org/fhir/tools/StructureDefinition/ig-parameter">
      <extension url="code">
        <valueString value="autoload-resources"/>
      </extension>
      <extension url="value">
        <valueString value="true"/>
      </extension>
    </extension>
    <extension url="http://hl7.org/fhir/tools/StructureDefinition/ig-parameter">
      <extension url="code">
        <valueString value="path-liquid"/>
      </extension>
      <extension url="value">
        <valueString value="template/liquid"/>
      </extension>
    </extension>
    <extension url="http://hl7.org/fhir/tools/StructureDefinition/ig-parameter">
      <extension url="code">
        <valueString value="path-liquid"/>
      </extension>
      <extension url="value">
        <valueString value="input/liquid"/>
      </extension>
    </extension>
    <extension url="http://hl7.org/fhir/tools/StructureDefinition/ig-parameter">
      <extension url="code">
        <valueString value="path-qa"/>
      </extension>
      <extension url="value">
        <valueString value="temp/qa"/>
      </extension>
    </extension>
    <extension url="http://hl7.org/fhir/tools/StructureDefinition/ig-parameter">
      <extension url="code">
        <valueString value="path-temp"/>
      </extension>
      <extension url="value">
        <valueString value="temp/pages"/>
      </extension>
    </extension>
    <extension url="http://hl7.org/fhir/tools/StructureDefinition/ig-parameter">
      <extension url="code">
        <valueString value="path-output"/>
      </extension>
      <extension url="value">
        <valueString value="output"/>
      </extension>
    </extension>
    <extension url="http://hl7.org/fhir/tools/StructureDefinition/ig-parameter">
      <extension url="code">
        <valueString value="path-suppressed-warnings"/>
      </extension>
      <extension url="value">
        <valueString value="input/ignoreWarnings.txt"/>
      </extension>
    </extension>
    <extension url="http://hl7.org/fhir/tools/StructureDefinition/ig-parameter">
      <extension url="code">
        <valueString value="path-history"/>
      </extension>
      <extension url="value">
        <valueString value="http://i-tech-uw.github.io/laboratory-workflows-ig/history.html"/>
      </extension>
    </extension>
    <extension url="http://hl7.org/fhir/tools/StructureDefinition/ig-parameter">
      <extension url="code">
        <valueString value="template-html"/>
      </extension>
      <extension url="value">
        <valueString value="template-page.html"/>
      </extension>
    </extension>
    <extension url="http://hl7.org/fhir/tools/StructureDefinition/ig-parameter">
      <extension url="code">
        <valueString value="template-md"/>
      </extension>
      <extension url="value">
        <valueString value="template-page-md.html"/>
      </extension>
    </extension>
    <extension url="http://hl7.org/fhir/tools/StructureDefinition/ig-parameter">
      <extension url="code">
        <valueString value="apply-contact"/>
      </extension>
      <extension url="value">
        <valueString value="true"/>
      </extension>
    </extension>
    <extension url="http://hl7.org/fhir/tools/StructureDefinition/ig-parameter">
      <extension url="code">
        <valueString value="apply-context"/>
      </extension>
      <extension url="value">
        <valueString value="true"/>
      </extension>
    </extension>
    <extension url="http://hl7.org/fhir/tools/StructureDefinition/ig-parameter">
      <extension url="code">
        <valueString value="apply-copyright"/>
      </extension>
      <extension url="value">
        <valueString value="true"/>
      </extension>
    </extension>
    <extension url="http://hl7.org/fhir/tools/StructureDefinition/ig-parameter">
      <extension url="code">
        <valueString value="apply-jurisdiction"/>
      </extension>
      <extension url="value">
        <valueString value="true"/>
      </extension>
    </extension>
    <extension url="http://hl7.org/fhir/tools/StructureDefinition/ig-parameter">
      <extension url="code">
        <valueString value="apply-license"/>
      </extension>
      <extension url="value">
        <valueString value="true"/>
      </extension>
    </extension>
    <extension url="http://hl7.org/fhir/tools/StructureDefinition/ig-parameter">
      <extension url="code">
        <valueString value="apply-publisher"/>
      </extension>
      <extension url="value">
        <valueString value="true"/>
      </extension>
    </extension>
    <extension url="http://hl7.org/fhir/tools/StructureDefinition/ig-parameter">
      <extension url="code">
        <valueString value="apply-version"/>
      </extension>
      <extension url="value">
        <valueString value="true"/>
      </extension>
    </extension>
    <extension url="http://hl7.org/fhir/tools/StructureDefinition/ig-parameter">
      <extension url="code">
        <valueString value="active-tables"/>
      </extension>
      <extension url="value">
        <valueString value="true"/>
      </extension>
    </extension>
    <resource>
      <extension url="http://hl7.org/fhir/tools/StructureDefinition/resource-information">
        <valueString value="StructureDefinition:resource"/>
      </extension>
      <reference>
        <reference value="StructureDefinition/laboratory-diagnostic-report"/>
      </reference>
      <name value="Laboratory Diagnostic Report"/>
      <description value="DiagnosticReport resource created by a LIS that representing results of an order submitted from an EMR System"/>
      <exampleBoolean value="false"/>
    </resource>
    <resource>
      <extension url="http://hl7.org/fhir/tools/StructureDefinition/resource-information">
        <valueString value="StructureDefinition:resource"/>
      </extension>
      <reference>
        <reference value="StructureDefinition/laboratory-encounter"/>
      </reference>
      <name value="Laboratory Encounter"/>
      <description value="Encounter resource associated with the Service Request for a lab order generated by the EMR"/>
      <exampleBoolean value="false"/>
    </resource>
    <resource>
      <extension url="http://hl7.org/fhir/tools/StructureDefinition/resource-information">
        <valueString value="StructureDefinition:resource"/>
      </extension>
      <reference>
        <reference value="StructureDefinition/laboratory-composition"/>
      </reference>
      <name value="Laboratory Order Composition"/>
      <description value="This composition packages information needed to facilitate lab order communication between clinical systems in Botswana."/>
      <exampleBoolean value="false"/>
    </resource>
    <resource>
      <extension url="http://hl7.org/fhir/tools/StructureDefinition/resource-information">
        <valueString value="StructureDefinition:resource"/>
      </extension>
      <reference>
        <reference value="StructureDefinition/laboratory-observation"/>
      </reference>
      <name value="Laboratory Observation"/>
      <description value="Observation resource created by a LIS that representing a result for an order submitted by an EMR System"/>
      <exampleBoolean value="false"/>
    </resource>
    <resource>
      <extension url="http://hl7.org/fhir/tools/StructureDefinition/resource-information">
        <valueString value="StructureDefinition:complex-type"/>
      </extension>
      <reference>
        <reference value="StructureDefinition/laboratory-openmrs-identifier"/>
      </reference>
      <name value="Laboratory Workflow OpenMRS Identifier"/>
      <description value="A identifier for OpenMRS"/>
      <exampleBoolean value="false"/>
    </resource>
    <resource>
      <extension url="http://hl7.org/fhir/tools/StructureDefinition/resource-information">
        <valueString value="StructureDefinition:resource"/>
      </extension>
      <reference>
        <reference value="StructureDefinition/laboratory-patient"/>
      </reference>
      <name value="Laboratory Workflow Patient"/>
      <description value="A patient used for EMR - LIS lab order and result communication."/>
      <exampleBoolean value="false"/>
    </resource>
    <resource>
      <extension url="http://hl7.org/fhir/tools/StructureDefinition/resource-information">
        <valueString value="StructureDefinition:resource"/>
      </extension>
      <reference>
        <reference value="StructureDefinition/laboratory-practitioner"/>
      </reference>
      <name value="Laboratory Encounter"/>
      <description value="Practitioner resource associated with the Service Request for a lab order generated by the EMR"/>
      <exampleBoolean value="false"/>
    </resource>
    <resource>
      <extension url="http://hl7.org/fhir/tools/StructureDefinition/resource-information">
        <valueString value="StructureDefinition:resource"/>
      </extension>
      <reference>
        <reference value="StructureDefinition/laboratory-service-request"/>
      </reference>
      <name value="Laboratory Service Request"/>
      <description value="A service request created by an EMR representing an order for an LIS system"/>
      <exampleBoolean value="false"/>
    </resource>
    <resource>
      <extension url="http://hl7.org/fhir/tools/StructureDefinition/resource-information">
        <valueString value="StructureDefinition:resource"/>
      </extension>
      <reference>
        <reference value="StructureDefinition/laboratory-task"/>
      </reference>
      <name value="Laboratory Workflow Task Resource"/>
      <description value="A Task resource for tracking order state and synchronizing communication between an EMR and a LIS"/>
      <exampleBoolean value="false"/>
    </resource>
    <resource>
      <extension url="http://hl7.org/fhir/tools/StructureDefinition/resource-information">
        <valueString value="StructureDefinition:extension"/>
      </extension>
      <reference>
        <reference value="StructureDefinition/laboratory-patient-identifier-location"/>
      </reference>
      <name value="Laboratory Patient Identifier Location Extension"/>
      <description value="OpenMRS-specific location for OpenMRS ID Identifier"/>
      <exampleBoolean value="false"/>
    </resource>
    <resource>
      <extension url="http://hl7.org/fhir/tools/StructureDefinition/resource-information">
        <valueString value="ValueSet"/>
      </extension>
      <reference>
        <reference value="ValueSet/laboratory-diagnostic-report-status-vs"/>
      </reference>
      <name value="Laboratory Diagnostic Report Status Flag"/>
      <description value="The status of the diagnostic report, subset from https://www.hl7.org/fhir/valueset-diagnostic-report-status.html"/>
      <exampleBoolean value="false"/>
    </resource>
    <resource>
      <extension url="http://hl7.org/fhir/tools/StructureDefinition/resource-information">
        <valueString value="ValueSet"/>
      </extension>
      <reference>
        <reference value="ValueSet/laboratory-order-code-vs"/>
      </reference>
      <name value="EMR Lab Order Code"/>
      <description value="The code for the lab order requested in the EMR."/>
      <exampleBoolean value="false"/>
    </resource>
    <resource>
      <extension url="http://hl7.org/fhir/tools/StructureDefinition/resource-information">
        <valueString value="ValueSet"/>
      </extension>
      <reference>
        <reference value="ValueSet/laboratory-task-intent-vs"/>
      </reference>
      <name value="Laboratory Intent for Task"/>
      <description value="The intent of the task, subset from https://www.hl7.org/FHIR/valueset-task-intent.html"/>
      <exampleBoolean value="false"/>
    </resource>
    <resource>
      <extension url="http://hl7.org/fhir/tools/StructureDefinition/resource-information">
        <valueString value="ValueSet"/>
      </extension>
      <reference>
        <reference value="ValueSet/laboratory-task-status-vs"/>
      </reference>
      <name value="Laboratory Status for Task"/>
      <description value="The state of the task, subset from https://www.hl7.org/FHIR/valueset-task-status.html"/>
      <exampleBoolean value="false"/>
    </resource>
    <resource>
      <extension url="http://hl7.org/fhir/tools/StructureDefinition/resource-information">
        <valueString value="StructureDefinition:logical"/>
      </extension>
      <reference>
        <reference value="StructureDefinition/LaboratoryLogicalModel"/>
      </reference>
      <name value="Laboratory Logical Model"/>
      <description value="Laboratory Communication Logical Model"/>
      <exampleBoolean value="false"/>
    </resource>
    <resource>
      <extension url="http://hl7.org/fhir/tools/StructureDefinition/resource-information">
        <valueString value="Bundle"/>
      </extension>
      <reference>
        <reference value="Bundle/example-laboratory-bundle"/>
      </reference>
      <name value="Laboratory Bundle"/>
      <description value="Example Full Laboratory Bundle"/>
      <exampleBoolean value="true"/>
    </resource>
    <resource>
      <extension url="http://hl7.org/fhir/tools/StructureDefinition/resource-information">
        <valueString value="Composition"/>
      </extension>
      <reference>
        <reference value="Composition/example-laboratory-composition"/>
      </reference>
      <name value="Laboratory Composition"/>
      <description value="Example Laboratory Composition"/>
      <exampleCanonical value="http://i-tech-uw.github.io/laboratory-workflows-ig/StructureDefinition/laboratory-composition"/>
    </resource>
    <resource>
      <extension url="http://hl7.org/fhir/tools/StructureDefinition/resource-information">
        <valueString value="DiagnosticReport"/>
      </extension>
      <reference>
        <reference value="DiagnosticReport/example-laboratory-diagnostic-report"/>
      </reference>
      <name value="Laboratory DiagnosticReport"/>
      <description value="Example Laboratory DiagnosticReport"/>
      <exampleCanonical value="http://i-tech-uw.github.io/laboratory-workflows-ig/StructureDefinition/laboratory-diagnostic-report"/>
    </resource>
    <resource>
      <extension url="http://hl7.org/fhir/tools/StructureDefinition/resource-information">
        <valueString value="Encounter"/>
      </extension>
      <reference>
        <reference value="Encounter/example-laboratory-encounter"/>
      </reference>
      <name value="Laboratory Encounter"/>
      <description value="Example Laboratory Encounter"/>
      <exampleCanonical value="http://i-tech-uw.github.io/laboratory-workflows-ig/StructureDefinition/laboratory-encounter"/>
    </resource>
    <resource>
      <extension url="http://hl7.org/fhir/tools/StructureDefinition/resource-information">
        <valueString value="Observation"/>
      </extension>
      <reference>
        <reference value="Observation/example-laboratory-observation"/>
      </reference>
      <name value="Laboratory Observation"/>
      <description value="Example Laboratory Observation"/>
      <exampleCanonical value="http://i-tech-uw.github.io/laboratory-workflows-ig/StructureDefinition/laboratory-observation"/>
    </resource>
    <resource>
      <extension url="http://hl7.org/fhir/tools/StructureDefinition/resource-information">
        <valueString value="Patient"/>
      </extension>
      <reference>
        <reference value="Patient/example-laboratory-patient"/>
      </reference>
      <name value="Laboratory Patient"/>
      <description value="Example Laboratory Patient"/>
      <exampleCanonical value="http://i-tech-uw.github.io/laboratory-workflows-ig/StructureDefinition/laboratory-patient"/>
    </resource>
    <resource>
      <extension url="http://hl7.org/fhir/tools/StructureDefinition/resource-information">
        <valueString value="Practitioner"/>
      </extension>
      <reference>
        <reference value="Practitioner/example-laboratory-practitioner"/>
      </reference>
      <name value="Laboratory Practitioner"/>
      <description value="Example Laboratory Practitioner"/>
      <exampleCanonical value="http://i-tech-uw.github.io/laboratory-workflows-ig/StructureDefinition/laboratory-practitioner"/>
    </resource>
    <resource>
      <extension url="http://hl7.org/fhir/tools/StructureDefinition/resource-information">
        <valueString value="ServiceRequest"/>
      </extension>
      <reference>
        <reference value="ServiceRequest/example-laboratory-service-request"/>
      </reference>
      <name value="Laboratory ServiceRequest"/>
      <description value="Example ServiceRequest resource representing a Lab Test Order"/>
      <exampleCanonical value="http://i-tech-uw.github.io/laboratory-workflows-ig/StructureDefinition/laboratory-service-request"/>
    </resource>
    <resource>
      <extension url="http://hl7.org/fhir/tools/StructureDefinition/resource-information">
        <valueString value="ServiceRequest"/>
      </extension>
      <reference>
        <reference value="ServiceRequest/example-laboratory-service-request-1"/>
      </reference>
      <name value="Laboratory ServiceRequest 1"/>
      <description value="Example ServiceRequest resource representing a Lab Test Order"/>
      <exampleCanonical value="http://i-tech-uw.github.io/laboratory-workflows-ig/StructureDefinition/laboratory-service-request"/>
    </resource>
    <resource>
      <extension url="http://hl7.org/fhir/tools/StructureDefinition/resource-information">
        <valueString value="ServiceRequest"/>
      </extension>
      <reference>
        <reference value="ServiceRequest/example-laboratory-service-request-2"/>
      </reference>
      <name value="Laboratory ServiceRequest 2"/>
      <description value="Example ServiceRequest resource representing a Lab Test Order"/>
      <exampleCanonical value="http://i-tech-uw.github.io/laboratory-workflows-ig/StructureDefinition/laboratory-service-request"/>
    </resource>
    <resource>
      <extension url="http://hl7.org/fhir/tools/StructureDefinition/resource-information">
        <valueString value="ServiceRequest"/>
      </extension>
      <reference>
        <reference value="ServiceRequest/example-laboratory-service-request-panel"/>
      </reference>
      <name value="Laboratory ServiceRequest Panel"/>
      <description value="Example ServiceRequest resource representing a Lab Test Order Panel"/>
      <exampleCanonical value="http://i-tech-uw.github.io/laboratory-workflows-ig/StructureDefinition/laboratory-service-request"/>
    </resource>
    <resource>
      <extension url="http://hl7.org/fhir/tools/StructureDefinition/resource-information">
        <valueString value="Bundle"/>
      </extension>
      <reference>
        <reference value="Bundle/example-laboratory-simple-bundle"/>
      </reference>
      <name value="Single Test Laboratory Bundle"/>
      <description value="Example Single Test Laboratory Bundle"/>
      <exampleBoolean value="true"/>
    </resource>
    <resource>
      <extension url="http://hl7.org/fhir/tools/StructureDefinition/resource-information">
        <valueString value="Bundle"/>
      </extension>
      <reference>
        <reference value="Bundle/example-laboratory-simple-bundle-transaction"/>
      </reference>
      <name value="Single Test Laboratory Bundle - Transaction"/>
      <description value="Example Single Test Laboratory Transaction Bundle"/>
      <exampleBoolean value="true"/>
    </resource>
    <resource>
      <extension url="http://hl7.org/fhir/tools/StructureDefinition/resource-information">
        <valueString value="Composition"/>
      </extension>
      <reference>
        <reference value="Composition/example-laboratory-simple-composition"/>
      </reference>
      <name value="Laboratory Single Order Composition"/>
      <description value="Example Single Lab Order Composition"/>
      <exampleCanonical value="http://i-tech-uw.github.io/laboratory-workflows-ig/StructureDefinition/laboratory-composition"/>
    </resource>
    <resource>
      <extension url="http://hl7.org/fhir/tools/StructureDefinition/resource-information">
        <valueString value="Task"/>
      </extension>
      <reference>
        <reference value="Task/example-laboratory-task-requested"/>
      </reference>
      <name value="Lab Order Task - Requested"/>
      <description value="Example Task for Requested Lab Orders"/>
      <exampleCanonical value="http://i-tech-uw.github.io/laboratory-workflows-ig/StructureDefinition/laboratory-task"/>
    </resource>
    <resource>
      <extension url="http://hl7.org/fhir/tools/StructureDefinition/resource-information">
        <valueString value="Task"/>
      </extension>
      <reference>
        <reference value="Task/example-laboratory-task-simple-requested"/>
      </reference>
      <name value="Lab Order Task - Simple Requested"/>
      <description value="Example Simple Task for Requested Lab Orders"/>
      <exampleCanonical value="http://i-tech-uw.github.io/laboratory-workflows-ig/StructureDefinition/laboratory-task"/>
    </resource>
    <resource>
      <extension url="http://hl7.org/fhir/tools/StructureDefinition/resource-information">
        <valueString value="Bundle"/>
      </extension>
      <reference>
        <reference value="Bundle/example-transaction-response-bundle"/>
      </reference>
      <name value="Transaction Response Bundle"/>
      <description value="Example Transaction Response Bundle"/>
      <exampleBoolean value="true"/>
    </resource>
    <page>
      <nameUrl value="toc.html"/>
      <title value="Table of Contents"/>
      <generation value="html"/>
      <page>
        <nameUrl value="index.html"/>
        <title value="Home"/>
        <generation value="html"/>
      </page>
      <page>
        <nameUrl value="background.html"/>
        <title value="Background"/>
        <generation value="html"/>
      </page>
      <page>
        <nameUrl value="changes.html"/>
        <title value="Changes"/>
        <generation value="html"/>
      </page>
      <page>
        <nameUrl value="downloads.html"/>
        <title value="Downloads"/>
        <generation value="html"/>
      </page>
      <page>
        <nameUrl value="spec.html"/>
        <title value="Spec"/>
        <generation value="markdown"/>
      </page>
    </page>
    <parameter>
      <code value="path-resource"/>
      <value value="input/capabilities"/>
    </parameter>
    <parameter>
      <code value="path-resource"/>
      <value value="input/examples"/>
    </parameter>
    <parameter>
      <code value="path-resource"/>
      <value value="input/extensions"/>
    </parameter>
    <parameter>
      <code value="path-resource"/>
      <value value="input/models"/>
    </parameter>
    <parameter>
      <code value="path-resource"/>
      <value value="input/operations"/>
    </parameter>
    <parameter>
      <code value="path-resource"/>
      <value value="input/profiles"/>
    </parameter>
    <parameter>
      <code value="path-resource"/>
      <value value="input/resources"/>
    </parameter>
    <parameter>
      <code value="path-resource"/>
      <value value="input/vocabulary"/>
    </parameter>
    <parameter>
      <code value="path-resource"/>
      <value value="input/maps"/>
    </parameter>
    <parameter>
      <code value="path-resource"/>
      <value value="input/testing"/>
    </parameter>
    <parameter>
      <code value="path-resource"/>
      <value value="input/history"/>
    </parameter>
    <parameter>
      <code value="path-resource"/>
      <value value="fsh-generated/resources"/>
    </parameter>
    <parameter>
      <code value="path-pages"/>
      <value value="template/config"/>
    </parameter>
    <parameter>
      <code value="path-pages"/>
      <value value="input/images"/>
    </parameter>
    <parameter>
      <code value="path-tx-cache"/>
      <value value="input-cache/txcache"/>
    </parameter>
  </definition>
</ImplementationGuide>