<?xml version="1.0" encoding="UTF-8"?>

<Practitioner xmlns="http://hl7.org/fhir">
  <id value="example-laboratory-practitioner"/>
  <meta>
    <profile value="http://i-tech-uw.github.io/laboratory-workflows-ig/StructureDefinition/laboratory-practitioner"/>
  </meta>
  <text>
    <status value="generated"/><div xmlns="http://www.w3.org/1999/xhtml"><p><b>Generated Narrative</b></p><div style="display: inline-block; background-color: #d9e0e7; padding: 6px; margin: 4px; border: 1px solid #8da1b4; border-radius: 5px; line-height: 60%"><p style="margin-bottom: 0px">Resource "example-laboratory-practitioner" </p><p style="margin-bottom: 0px">Profile: <a href="StructureDefinition-laboratory-practitioner.html">Laboratory Encounter</a></p></div><p><b>identifier</b>: id: 1000AX</p><p><b>name</b>: Moses Mutesa</p></div>
  </text>
  <identifier>
    <system value="http://fhir.openmrs.org/ext/provider/identifier"/>
    <value value="1000AX"/>
  </identifier>
  <name>
    <text value="Moses Mutesa"/>
  </name>
</Practitioner>