<?xml version="1.0" encoding="UTF-8"?>

<ValueSet xmlns="http://hl7.org/fhir">
  <id value="emr-lab-order-code-vs"/>
  <text>
    <status value="generated"/><div xmlns="http://www.w3.org/1999/xhtml"><ul><li>Include all codes defined in <a href="http://loinc.org"><code>http://loinc.org</code></a></li></ul></div>
  </text>
  <url value="http://i-tech-uw.github.io/emr-lis-ig/ValueSet/emr-lab-order-code-vs"/>
  <version value="0.2.0"/>
  <name value="EmrLisOrderCodeVS"/>
  <title value="EMR Lab Order Code"/>
  <status value="active"/>
  <date value="2021-07-13T19:13:10+00:00"/>
  <publisher value="I-TECH-UW"/>
  <contact>
    <name value="I-TECH-UW"/>
    <telecom>
      <system value="url"/>
      <value value="www.github.com/i-tech-uw"/>
    </telecom>
    <telecom>
      <system value="email"/>
      <value value="pmanko@uw.edu"/>
    </telecom>
  </contact>
  <description value="The code for the lab order requested in the EMR."/>
  <compose>
    <include>
      <system value="http://loinc.org"/>
    </include>
  </compose>
</ValueSet>