{
  "resourceType": "ValueSet",
  "id": "laboratory-order-code-vs",
  "text": {
    "status": "generated",
    "div": "<div xmlns=\"http://www.w3.org/1999/xhtml\"><ul><li>Include all codes defined in <a href=\"http://loinc.org\"><code>http://loinc.org</code></a></li></ul></div>"
  },
  "url": "http://i-tech-uw.github.io/laboratory-workflows-ig/ValueSet/laboratory-order-code-vs",
  "version": "0.2.0",
  "name": "LaboratoryOrderCodeVS",
  "title": "EMR Lab Order Code",
  "status": "active",
  "date": "2021-08-04T04:43:22+00:00",
  "publisher": "I-TECH-UW",
  "contact": [
    {
      "name": "I-TECH-UW",
      "telecom": [
        {
          "system": "url",
          "value": "www.github.com/i-tech-uw"
        },
        {
          "system": "email",
          "value": "pmanko@uw.edu"
        }
      ]
    }
  ],
  "description": "The code for the lab order requested in the EMR.",
  "compose": {
    "include": [
      {
        "system": "http://loinc.org"
      }
    ]
  }
}