{"resourceType":"ImplementationGuide","id":"laboratory.workflows.ig","text":{"status":"extensions","div":"<div xmlns=\"http://www.w3.org/1999/xhtml\"><h2>LaboratoryWorkflowsIg</h2><p>The official URL for this implementation guide is: </p><pre>http://i-tech-uw.github.io/laboratory-workflows-ig/ImplementationGuide/laboratory.workflows.ig</pre><div><p>Implementation guide for FHIR-based communication for Laboratory Test Orders and Results\nin the OpenHIE Architecture.</p>\n</div></div>"},"url":"http://i-tech-uw.github.io/laboratory-workflows-ig/ImplementationGuide/laboratory.workflows.ig","version":"0.3.0","name":"LaboratoryWorkflowsIg","title":"Laboratory Workflows Implementation Guide","status":"draft","experimental":true,"date":"2022-08-15T21:20:36+00:00","publisher":"I-TECH-UW","contact":[{"name":"I-TECH-UW","telecom":[{"system":"url","value":"www.github.com/i-tech-uw"},{"system":"email","value":"pmanko@uw.edu"}]}],"description":"Implementation guide for FHIR-based communication for Laboratory Test Orders and Results\nin the OpenHIE Architecture.\n","packageId":"laboratory.workflows.ig","license":"CC-BY-SA-4.0","fhirVersion":["4.0.1"],"dependsOn":[{"id":"hl7tx","uri":"http://terminology.hl7.org/ImplementationGuide/hl7.terminology","packageId":"hl7.terminology.r4","version":"3.1.0"},{"id":"hl7_fhir_uv_ips","uri":"http://hl7.org/fhir/uv/ips/ImplementationGuide/hl7.fhir.uv.ips","packageId":"hl7.fhir.uv.ips","version":"1.0.0"}],"definition":{"extension":[{"extension":[{"url":"code","valueString":"copyrightyear"},{"url":"value","valueString":"2021+"}],"url":"http://hl7.org/fhir/tools/StructureDefinition/ig-parameter"},{"extension":[{"url":"code","valueString":"releaselabel"},{"url":"value","valueString":"ci-build"}],"url":"http://hl7.org/fhir/tools/StructureDefinition/ig-parameter"},{"extension":[{"url":"code","valueString":"excludettl"},{"url":"value","valueString":"true"}],"url":"http://hl7.org/fhir/tools/StructureDefinition/ig-parameter"},{"extension":[{"url":"code","valueString":"autoload-resources"},{"url":"value","valueString":"true"}],"url":"http://hl7.org/fhir/tools/StructureDefinition/ig-parameter"},{"extension":[{"url":"code","valueString":"path-liquid"},{"url":"value","valueString":"template/liquid"}],"url":"http://hl7.org/fhir/tools/StructureDefinition/ig-parameter"},{"extension":[{"url":"code","valueString":"path-liquid"},{"url":"value","valueString":"input/liquid"}],"url":"http://hl7.org/fhir/tools/StructureDefinition/ig-parameter"},{"extension":[{"url":"code","valueString":"path-qa"},{"url":"value","valueString":"temp/qa"}],"url":"http://hl7.org/fhir/tools/StructureDefinition/ig-parameter"},{"extension":[{"url":"code","valueString":"path-temp"},{"url":"value","valueString":"temp/pages"}],"url":"http://hl7.org/fhir/tools/StructureDefinition/ig-parameter"},{"extension":[{"url":"code","valueString":"path-output"},{"url":"value","valueString":"output"}],"url":"http://hl7.org/fhir/tools/StructureDefinition/ig-parameter"},{"extension":[{"url":"code","valueString":"path-suppressed-warnings"},{"url":"value","valueString":"input/ignoreWarnings.txt"}],"url":"http://hl7.org/fhir/tools/StructureDefinition/ig-parameter"},{"extension":[{"url":"code","valueString":"path-history"},{"url":"value","valueString":"http://i-tech-uw.github.io/laboratory-workflows-ig/history.html"}],"url":"http://hl7.org/fhir/tools/StructureDefinition/ig-parameter"},{"extension":[{"url":"code","valueString":"template-html"},{"url":"value","valueString":"template-page.html"}],"url":"http://hl7.org/fhir/tools/StructureDefinition/ig-parameter"},{"extension":[{"url":"code","valueString":"template-md"},{"url":"value","valueString":"template-page-md.html"}],"url":"http://hl7.org/fhir/tools/StructureDefinition/ig-parameter"},{"extension":[{"url":"code","valueString":"apply-contact"},{"url":"value","valueString":"true"}],"url":"http://hl7.org/fhir/tools/StructureDefinition/ig-parameter"},{"extension":[{"url":"code","valueString":"apply-context"},{"url":"value","valueString":"true"}],"url":"http://hl7.org/fhir/tools/StructureDefinition/ig-parameter"},{"extension":[{"url":"code","valueString":"apply-copyright"},{"url":"value","valueString":"true"}],"url":"http://hl7.org/fhir/tools/StructureDefinition/ig-parameter"},{"extension":[{"url":"code","valueString":"apply-jurisdiction"},{"url":"value","valueString":"true"}],"url":"http://hl7.org/fhir/tools/StructureDefinition/ig-parameter"},{"extension":[{"url":"code","valueString":"apply-license"},{"url":"value","valueString":"true"}],"url":"http://hl7.org/fhir/tools/StructureDefinition/ig-parameter"},{"extension":[{"url":"code","valueString":"apply-publisher"},{"url":"value","valueString":"true"}],"url":"http://hl7.org/fhir/tools/StructureDefinition/ig-parameter"},{"extension":[{"url":"code","valueString":"apply-version"},{"url":"value","valueString":"true"}],"url":"http://hl7.org/fhir/tools/StructureDefinition/ig-parameter"},{"extension":[{"url":"code","valueString":"active-tables"},{"url":"value","valueString":"true"}],"url":"http://hl7.org/fhir/tools/StructureDefinition/ig-parameter"},{"extension":[{"url":"code","valueString":"fmm-definition"},{"url":"value","valueString":"http://hl7.org/fhir/versions.html#maturity"}],"url":"http://hl7.org/fhir/tools/StructureDefinition/ig-parameter"},{"extension":[{"url":"code","valueString":"propagate-status"},{"url":"value","valueString":"true"}],"url":"http://hl7.org/fhir/tools/StructureDefinition/ig-parameter"},{"extension":[{"url":"code","valueString":"excludelogbinaryformat"},{"url":"value","valueString":"true"}],"url":"http://hl7.org/fhir/tools/StructureDefinition/ig-parameter"}],"grouping":[{"id":"-str-logicalmodel","name":"Structures: Logical Models","description":"These define data models that represent the domain covered by this implementation guide in more business-friendly terms than the underlying FHIR resources."},{"id":"-str-profile","name":"Structures: Resource Profiles","description":"These define constraints on FHIR resources for systems conforming to this implementation guide"},{"id":"-str-datatype","name":"Structures: Data Type Profiles","description":"These define constraints on FHIR data types for systems conforming to this implementation guide"},{"id":"-str-extension","name":"Structures: Extension Definitions","description":"These define constraints on FHIR data types for systems conforming to this implementation guide"},{"id":"-term-valueset","name":"Terminology: Value Sets","description":"These define sets of codes used by systems conforming to this implementation guide"},{"id":"-ex-example","name":"Example: Example Instances","description":"These are example instances that show what data produced and consumed by systems conforming with this implementation guide might look like"}],"resource":[{"extension":[{"url":"http://hl7.org/fhir/StructureDefinition/implementationguide-page","valueUri":"StructureDefinition-laboratory-diagnostic-report.html"}],"reference":{"reference":"StructureDefinition/laboratory-diagnostic-report"},"name":"Laboratory Diagnostic Report","description":"DiagnosticReport resource created by a LIS that representing results of an order submitted from an EMR System","exampleBoolean":false,"groupingId":"-str-profile"},{"extension":[{"url":"http://hl7.org/fhir/StructureDefinition/implementationguide-page","valueUri":"StructureDefinition-laboratory-encounter.html"}],"reference":{"reference":"StructureDefinition/laboratory-encounter"},"name":"Laboratory Encounter","description":"Encounter resource associated with the Service Request for a lab order generated by the EMR","exampleBoolean":false,"groupingId":"-str-profile"},{"extension":[{"url":"http://hl7.org/fhir/StructureDefinition/implementationguide-page","valueUri":"StructureDefinition-laboratory-composition.html"}],"reference":{"reference":"StructureDefinition/laboratory-composition"},"name":"Laboratory Order Composition","description":"This composition packages information needed to facilitate lab order communication between clinical systems in Botswana.","exampleBoolean":false,"groupingId":"-str-profile"},{"extension":[{"url":"http://hl7.org/fhir/StructureDefinition/implementationguide-page","valueUri":"StructureDefinition-laboratory-observation.html"}],"reference":{"reference":"StructureDefinition/laboratory-observation"},"name":"Laboratory Observation","description":"Observation resource created by a LIS that representing a result for an order submitted by an EMR System","exampleBoolean":false,"groupingId":"-str-profile"},{"extension":[{"url":"http://hl7.org/fhir/StructureDefinition/implementationguide-page","valueUri":"StructureDefinition-laboratory-openmrs-identifier.html"}],"reference":{"reference":"StructureDefinition/laboratory-openmrs-identifier"},"name":"Laboratory Workflow OpenMRS Identifier","description":"A identifier for OpenMRS","exampleBoolean":false,"groupingId":"-str-datatype"},{"extension":[{"url":"http://hl7.org/fhir/StructureDefinition/implementationguide-page","valueUri":"StructureDefinition-laboratory-patient.html"}],"reference":{"reference":"StructureDefinition/laboratory-patient"},"name":"Laboratory Workflow Patient","description":"A patient used for EMR - LIS lab order and result communication.","exampleBoolean":false,"groupingId":"-str-profile"},{"extension":[{"url":"http://hl7.org/fhir/StructureDefinition/implementationguide-page","valueUri":"StructureDefinition-laboratory-practitioner.html"}],"reference":{"reference":"StructureDefinition/laboratory-practitioner"},"name":"Laboratory Encounter","description":"Practitioner resource associated with the Service Request for a lab order generated by the EMR","exampleBoolean":false,"groupingId":"-str-profile"},{"extension":[{"url":"http://hl7.org/fhir/StructureDefinition/implementationguide-page","valueUri":"StructureDefinition-laboratory-service-request.html"}],"reference":{"reference":"StructureDefinition/laboratory-service-request"},"name":"Laboratory Service Request","description":"A service request created by an EMR representing an order for an LIS system","exampleBoolean":false,"groupingId":"-str-profile"},{"extension":[{"url":"http://hl7.org/fhir/StructureDefinition/implementationguide-page","valueUri":"StructureDefinition-laboratory-task.html"}],"reference":{"reference":"StructureDefinition/laboratory-task"},"name":"Laboratory Workflow Task Resource","description":"A Task resource for tracking order state and synchronizing communication between an EMR and a LIS","exampleBoolean":false,"groupingId":"-str-profile"},{"extension":[{"url":"http://hl7.org/fhir/StructureDefinition/implementationguide-page","valueUri":"StructureDefinition-laboratory-patient-identifier-location.html"}],"reference":{"reference":"StructureDefinition/laboratory-patient-identifier-location"},"name":"Laboratory Patient Identifier Location Extension","description":"OpenMRS-specific location for OpenMRS ID Identifier","exampleBoolean":false,"groupingId":"-str-extension"},{"extension":[{"url":"http://hl7.org/fhir/StructureDefinition/implementationguide-page","valueUri":"ValueSet-laboratory-diagnostic-report-status-vs.html"}],"reference":{"reference":"ValueSet/laboratory-diagnostic-report-status-vs"},"name":"Laboratory Diagnostic Report Status Flag","description":"The status of the diagnostic report, subset from https://www.hl7.org/fhir/valueset-diagnostic-report-status.html","exampleBoolean":false,"groupingId":"-term-valueset"},{"extension":[{"url":"http://hl7.org/fhir/StructureDefinition/implementationguide-page","valueUri":"ValueSet-laboratory-order-code-vs.html"}],"reference":{"reference":"ValueSet/laboratory-order-code-vs"},"name":"EMR Lab Order Code","description":"The code for the lab order requested in the EMR.","exampleBoolean":false,"groupingId":"-term-valueset"},{"extension":[{"url":"http://hl7.org/fhir/StructureDefinition/implementationguide-page","valueUri":"ValueSet-laboratory-task-intent-vs.html"}],"reference":{"reference":"ValueSet/laboratory-task-intent-vs"},"name":"Laboratory Intent for Task","description":"The intent of the task, subset from https://www.hl7.org/FHIR/valueset-task-intent.html","exampleBoolean":false,"groupingId":"-term-valueset"},{"extension":[{"url":"http://hl7.org/fhir/StructureDefinition/implementationguide-page","valueUri":"ValueSet-laboratory-task-status-vs.html"}],"reference":{"reference":"ValueSet/laboratory-task-status-vs"},"name":"Laboratory Status for Task","description":"The state of the task, subset from https://www.hl7.org/FHIR/valueset-task-status.html","exampleBoolean":false,"groupingId":"-term-valueset"},{"extension":[{"url":"http://hl7.org/fhir/StructureDefinition/implementationguide-page","valueUri":"StructureDefinition-LaboratoryLogicalModel.html"}],"reference":{"reference":"StructureDefinition/LaboratoryLogicalModel"},"name":"Laboratory Logical Model","description":"Laboratory Communication Logical Model","exampleBoolean":false,"groupingId":"-str-logicalmodel"},{"extension":[{"url":"http://hl7.org/fhir/StructureDefinition/implementationguide-page","valueUri":"Bundle-example-laboratory-bundle.html"}],"reference":{"reference":"Bundle/example-laboratory-bundle"},"name":"Laboratory Bundle","description":"Example Full Laboratory Bundle","exampleBoolean":true,"groupingId":"-ex-example"},{"extension":[{"url":"http://hl7.org/fhir/StructureDefinition/implementationguide-page","valueUri":"Composition-example-laboratory-composition.html"}],"reference":{"reference":"Composition/example-laboratory-composition"},"name":"Laboratory Composition","description":"Example Laboratory Composition","exampleCanonical":"http://i-tech-uw.github.io/laboratory-workflows-ig/StructureDefinition/laboratory-composition","groupingId":"-ex-example"},{"extension":[{"url":"http://hl7.org/fhir/StructureDefinition/implementationguide-page","valueUri":"DiagnosticReport-example-laboratory-diagnostic-report.html"}],"reference":{"reference":"DiagnosticReport/example-laboratory-diagnostic-report"},"name":"Laboratory DiagnosticReport","description":"Example Laboratory DiagnosticReport","exampleCanonical":"http://i-tech-uw.github.io/laboratory-workflows-ig/StructureDefinition/laboratory-diagnostic-report","groupingId":"-ex-example"},{"extension":[{"url":"http://hl7.org/fhir/StructureDefinition/implementationguide-page","valueUri":"Encounter-example-laboratory-encounter.html"}],"reference":{"reference":"Encounter/example-laboratory-encounter"},"name":"Laboratory Encounter","description":"Example Laboratory Encounter","exampleCanonical":"http://i-tech-uw.github.io/laboratory-workflows-ig/StructureDefinition/laboratory-encounter","groupingId":"-ex-example"},{"extension":[{"url":"http://hl7.org/fhir/StructureDefinition/implementationguide-page","valueUri":"Observation-example-laboratory-observation.html"}],"reference":{"reference":"Observation/example-laboratory-observation"},"name":"Laboratory Observation","description":"Example Laboratory Observation","exampleCanonical":"http://i-tech-uw.github.io/laboratory-workflows-ig/StructureDefinition/laboratory-observation","groupingId":"-ex-example"},{"extension":[{"url":"http://hl7.org/fhir/StructureDefinition/implementationguide-page","valueUri":"Patient-example-laboratory-patient.html"}],"reference":{"reference":"Patient/example-laboratory-patient"},"name":"Laboratory Patient","description":"Example Laboratory Patient","exampleCanonical":"http://i-tech-uw.github.io/laboratory-workflows-ig/StructureDefinition/laboratory-patient","groupingId":"-ex-example"},{"extension":[{"url":"http://hl7.org/fhir/StructureDefinition/implementationguide-page","valueUri":"Practitioner-example-laboratory-practitioner.html"}],"reference":{"reference":"Practitioner/example-laboratory-practitioner"},"name":"Laboratory Practitioner","description":"Example Laboratory Practitioner","exampleCanonical":"http://i-tech-uw.github.io/laboratory-workflows-ig/StructureDefinition/laboratory-practitioner","groupingId":"-ex-example"},{"extension":[{"url":"http://hl7.org/fhir/StructureDefinition/implementationguide-page","valueUri":"ServiceRequest-example-laboratory-service-request.html"}],"reference":{"reference":"ServiceRequest/example-laboratory-service-request"},"name":"Laboratory ServiceRequest","description":"Example ServiceRequest resource representing a Lab Test Order","exampleCanonical":"http://i-tech-uw.github.io/laboratory-workflows-ig/StructureDefinition/laboratory-service-request","groupingId":"-ex-example"},{"extension":[{"url":"http://hl7.org/fhir/StructureDefinition/implementationguide-page","valueUri":"ServiceRequest-example-laboratory-service-request-1.html"}],"reference":{"reference":"ServiceRequest/example-laboratory-service-request-1"},"name":"Laboratory ServiceRequest 1","description":"Example ServiceRequest resource representing a Lab Test Order","exampleCanonical":"http://i-tech-uw.github.io/laboratory-workflows-ig/StructureDefinition/laboratory-service-request","groupingId":"-ex-example"},{"extension":[{"url":"http://hl7.org/fhir/StructureDefinition/implementationguide-page","valueUri":"ServiceRequest-example-laboratory-service-request-2.html"}],"reference":{"reference":"ServiceRequest/example-laboratory-service-request-2"},"name":"Laboratory ServiceRequest 2","description":"Example ServiceRequest resource representing a Lab Test Order","exampleCanonical":"http://i-tech-uw.github.io/laboratory-workflows-ig/StructureDefinition/laboratory-service-request","groupingId":"-ex-example"},{"extension":[{"url":"http://hl7.org/fhir/StructureDefinition/implementationguide-page","valueUri":"ServiceRequest-example-laboratory-service-request-panel.html"}],"reference":{"reference":"ServiceRequest/example-laboratory-service-request-panel"},"name":"Laboratory ServiceRequest Panel","description":"Example ServiceRequest resource representing a Lab Test Order Panel","exampleCanonical":"http://i-tech-uw.github.io/laboratory-workflows-ig/StructureDefinition/laboratory-service-request","groupingId":"-ex-example"},{"extension":[{"url":"http://hl7.org/fhir/StructureDefinition/implementationguide-page","valueUri":"Bundle-example-laboratory-simple-bundle.html"}],"reference":{"reference":"Bundle/example-laboratory-simple-bundle"},"name":"Single Test Laboratory Bundle","description":"Example Single Test Laboratory Bundle","exampleBoolean":true,"groupingId":"-ex-example"},{"extension":[{"url":"http://hl7.org/fhir/StructureDefinition/implementationguide-page","valueUri":"Bundle-example-laboratory-simple-bundle-transaction.html"}],"reference":{"reference":"Bundle/example-laboratory-simple-bundle-transaction"},"name":"Single Test Laboratory Bundle - Transaction","description":"Example Single Test Laboratory Transaction Bundle","exampleBoolean":true,"groupingId":"-ex-example"},{"extension":[{"url":"http://hl7.org/fhir/StructureDefinition/implementationguide-page","valueUri":"Composition-example-laboratory-simple-composition.html"}],"reference":{"reference":"Composition/example-laboratory-simple-composition"},"name":"Laboratory Single Order Composition","description":"Example Single Lab Order Composition","exampleCanonical":"http://i-tech-uw.github.io/laboratory-workflows-ig/StructureDefinition/laboratory-composition","groupingId":"-ex-example"},{"extension":[{"url":"http://hl7.org/fhir/StructureDefinition/implementationguide-page","valueUri":"Bundle-example-laboratory-simple-result-bundle.html"}],"reference":{"reference":"Bundle/example-laboratory-simple-result-bundle"},"name":"Laboratory Bundle","description":"Example Resulted Laboratory Bundle","exampleBoolean":true,"groupingId":"-ex-example"},{"extension":[{"url":"http://hl7.org/fhir/StructureDefinition/implementationguide-page","valueUri":"Task-example-laboratory-task-requested.html"}],"reference":{"reference":"Task/example-laboratory-task-requested"},"name":"Lab Order Task - Requested","description":"Example Task for Requested Lab Orders","exampleCanonical":"http://i-tech-uw.github.io/laboratory-workflows-ig/StructureDefinition/laboratory-task","groupingId":"-ex-example"},{"extension":[{"url":"http://hl7.org/fhir/StructureDefinition/implementationguide-page","valueUri":"Task-example-laboratory-task-simple-completed.html"}],"reference":{"reference":"Task/example-laboratory-task-simple-completed"},"name":"Lab Order Task - Simple Completed","description":"Example Simple Task for Completed Lab Orders","exampleCanonical":"http://i-tech-uw.github.io/laboratory-workflows-ig/StructureDefinition/laboratory-task","groupingId":"-ex-example"},{"extension":[{"url":"http://hl7.org/fhir/StructureDefinition/implementationguide-page","valueUri":"Task-example-laboratory-task-simple-requested.html"}],"reference":{"reference":"Task/example-laboratory-task-simple-requested"},"name":"Lab Order Task - Simple Requested","description":"Example Simple Task for Requested Lab Orders","exampleCanonical":"http://i-tech-uw.github.io/laboratory-workflows-ig/StructureDefinition/laboratory-task","groupingId":"-ex-example"},{"extension":[{"url":"http://hl7.org/fhir/StructureDefinition/implementationguide-page","valueUri":"Bundle-example-transaction-response-bundle.html"}],"reference":{"reference":"Bundle/example-transaction-response-bundle"},"name":"Transaction Response Bundle","description":"Example Transaction Response Bundle","exampleBoolean":true,"groupingId":"-ex-example"}],"page":{"nameUrl":"toc.html","title":"Table of Contents","generation":"html","page":[{"nameUrl":"index.html","title":"Home","generation":"html"},{"nameUrl":"actors.html","title":"Actors","generation":"markdown"},{"nameUrl":"background.html","title":"Background","generation":"html"},{"nameUrl":"changes.html","title":"Changes","generation":"html"},{"nameUrl":"downloads.html","title":"Downloads","generation":"html"},{"nameUrl":"overview.html","title":"Overview","generation":"html"},{"nameUrl":"spec.html","title":"Spec","generation":"markdown"},{"nameUrl":"transactions.html","title":"Transactions","generation":"markdown"},{"nameUrl":"use_cases.html","title":"Use Cases","generation":"markdown"},{"nameUrl":"workflows.html","title":"Workflows","generation":"markdown"},{"nameUrl":"artifacts.html","title":"Artifacts Summary","generation":"html","page":[{"nameUrl":"StructureDefinition-LaboratoryLogicalModel.html","title":"Laboratory Logical Model","generation":"generated"},{"nameUrl":"StructureDefinition-laboratory-diagnostic-report.html","title":"Laboratory Diagnostic Report","generation":"generated"},{"nameUrl":"StructureDefinition-laboratory-encounter.html","title":"Laboratory Encounter","generation":"generated"},{"nameUrl":"StructureDefinition-laboratory-composition.html","title":"Laboratory Order Composition","generation":"generated"},{"nameUrl":"StructureDefinition-laboratory-observation.html","title":"Laboratory Observation","generation":"generated"},{"nameUrl":"StructureDefinition-laboratory-patient.html","title":"Laboratory Workflow Patient","generation":"generated"},{"nameUrl":"StructureDefinition-laboratory-practitioner.html","title":"Laboratory Encounter","generation":"generated"},{"nameUrl":"StructureDefinition-laboratory-service-request.html","title":"Laboratory Service Request","generation":"generated"},{"nameUrl":"StructureDefinition-laboratory-task.html","title":"Laboratory Workflow Task Resource","generation":"generated"},{"nameUrl":"StructureDefinition-laboratory-openmrs-identifier.html","title":"Laboratory Workflow OpenMRS Identifier","generation":"generated"},{"nameUrl":"StructureDefinition-laboratory-patient-identifier-location.html","title":"Laboratory Patient Identifier Location Extension","generation":"generated"},{"nameUrl":"ValueSet-laboratory-diagnostic-report-status-vs.html","title":"Laboratory Diagnostic Report Status Flag","generation":"generated"},{"nameUrl":"ValueSet-laboratory-order-code-vs.html","title":"EMR Lab Order Code","generation":"generated"},{"nameUrl":"ValueSet-laboratory-task-intent-vs.html","title":"Laboratory Intent for Task","generation":"generated"},{"nameUrl":"ValueSet-laboratory-task-status-vs.html","title":"Laboratory Status for Task","generation":"generated"},{"nameUrl":"Bundle-example-laboratory-bundle.html","title":"Laboratory Bundle","generation":"generated"},{"nameUrl":"Composition-example-laboratory-composition.html","title":"Laboratory Composition","generation":"generated"},{"nameUrl":"DiagnosticReport-example-laboratory-diagnostic-report.html","title":"Laboratory DiagnosticReport","generation":"generated"},{"nameUrl":"Encounter-example-laboratory-encounter.html","title":"Laboratory Encounter","generation":"generated"},{"nameUrl":"Observation-example-laboratory-observation.html","title":"Laboratory Observation","generation":"generated"},{"nameUrl":"Patient-example-laboratory-patient.html","title":"Laboratory Patient","generation":"generated"},{"nameUrl":"Practitioner-example-laboratory-practitioner.html","title":"Laboratory Practitioner","generation":"generated"},{"nameUrl":"ServiceRequest-example-laboratory-service-request.html","title":"Laboratory ServiceRequest","generation":"generated"},{"nameUrl":"ServiceRequest-example-laboratory-service-request-1.html","title":"Laboratory ServiceRequest 1","generation":"generated"},{"nameUrl":"ServiceRequest-example-laboratory-service-request-2.html","title":"Laboratory ServiceRequest 2","generation":"generated"},{"nameUrl":"ServiceRequest-example-laboratory-service-request-panel.html","title":"Laboratory ServiceRequest Panel","generation":"generated"},{"nameUrl":"Bundle-example-laboratory-simple-bundle.html","title":"Single Test Laboratory Bundle","generation":"generated"},{"nameUrl":"Bundle-example-laboratory-simple-bundle-transaction.html","title":"Single Test Laboratory Bundle - Transaction","generation":"generated"},{"nameUrl":"Composition-example-laboratory-simple-composition.html","title":"Laboratory Single Order Composition","generation":"generated"},{"nameUrl":"Bundle-example-laboratory-simple-result-bundle.html","title":"Laboratory Bundle","generation":"generated"},{"nameUrl":"Task-example-laboratory-task-requested.html","title":"Lab Order Task - Requested","generation":"generated"},{"nameUrl":"Task-example-laboratory-task-simple-completed.html","title":"Lab Order Task - Simple Completed","generation":"generated"},{"nameUrl":"Task-example-laboratory-task-simple-requested.html","title":"Lab Order Task - Simple Requested","generation":"generated"},{"nameUrl":"Bundle-example-transaction-response-bundle.html","title":"Transaction Response Bundle","generation":"generated"}]}]},"parameter":[{"code":"path-resource","value":"input/capabilities"},{"code":"path-resource","value":"input/examples"},{"code":"path-resource","value":"input/extensions"},{"code":"path-resource","value":"input/models"},{"code":"path-resource","value":"input/operations"},{"code":"path-resource","value":"input/profiles"},{"code":"path-resource","value":"input/resources"},{"code":"path-resource","value":"input/vocabulary"},{"code":"path-resource","value":"input/maps"},{"code":"path-resource","value":"input/testing"},{"code":"path-resource","value":"input/history"},{"code":"path-resource","value":"fsh-generated/resources"},{"code":"path-pages","value":"template/config"},{"code":"path-pages","value":"input/images"},{"code":"path-tx-cache","value":"input-cache/txcache"}]}}