{"resourceType":"ValueSet","id":"emr-lab-task-intent-vs","text":{"status":"generated","div":"<div xmlns=\"http://www.w3.org/1999/xhtml\"><ul><li>Include these codes as defined in <code>http://hl7.org/fhir/ValueSet/task-intent</code><table class=\"none\"><tr><td style=\"white-space:nowrap\"><b>Code</b></td><td><b>Display</b></td></tr><tr><td>task-intent-order</td><td>Order</td></tr></table></li></ul></div>"},"url":"http://openhie.org/fhir/ValueSet/emr-lab-task-intent-vs","version":"0.1.0-test","name":"EmrLabTaskIntentVS","title":"EMR-LIS Intent for Task","status":"active","date":"2021-02-11T22:57:00+00:00","publisher":"I-TECH-UW","contact":[{"telecom":[{"system":"url","value":"https://www.washington.edu/research/research-centers/international-training-and-education-center-for-health-i-tech/"}]}],"description":"The intent of the task, subset from https://www.hl7.org/FHIR/valueset-task-intent.html","jurisdiction":[{"coding":[{"system":"http://unstats.un.org/unsd/methods/m49/m49.htm","code":"001"}]}],"compose":{"include":[{"system":"http://hl7.org/fhir/ValueSet/task-intent","concept":[{"code":"task-intent-order","display":"Order"}]}]}}