{"resourceType":"ValueSet","id":"emr-lab-order-code-vs","text":{"status":"generated","div":"<div xmlns=\"http://www.w3.org/1999/xhtml\"><ul><li>Include all codes defined in <a href=\"http://loinc.org\"><code>http://loinc.org</code></a></li></ul></div>"},"url":"http://i-tech-uw.github.io/emr-lis-ig/ValueSet/emr-lab-order-code-vs","version":"0.2.0","name":"EmrLisOrderCodeVS","title":"EMR Lab Order Code","status":"active","date":"2021-07-12T21:33:14+00:00","publisher":"I-TECH-UW","contact":[{"name":"I-TECH-UW","telecom":[{"system":"url","value":"www.github.com/i-tech-uw"},{"system":"email","value":"pmanko@uw.edu"}]}],"description":"The code for the lab order requested in the EMR.","compose":{"include":[{"system":"http://loinc.org"}]}}