{
  "resourceType": "ServiceRequest",
  "id": "example-laboratory-service-request",
  "meta": {
    "profile": [
      "http://i-tech-uw.github.io/laboratory-workflows-ig/StructureDefinition/laboratory-service-request"
    ]
  },
  "text": {
    "status": "generated",
    "div": "<div xmlns=\"http://www.w3.org/1999/xhtml\"><p><b>Generated Narrative: ServiceRequest</b></p><div style=\"display: inline-block; background-color: #d9e0e7; padding: 6px; margin: 4px; border: 1px solid #8da1b4; border-radius: 5px; line-height: 60%\"><p style=\"margin-bottom: 0px\">Resource ServiceRequest \"example-laboratory-service-request\" </p><p style=\"margin-bottom: 0px\">Profile: <a href=\"StructureDefinition-laboratory-service-request.html\">Laboratory Service Request</a></p></div><p><b>status</b>: active</p><p><b>intent</b>: order</p><p><b>code</b>: Creatinine [Moles/volume] in Serum or Plasma <span style=\"background: LightGoldenRodYellow; margin: 4px; border: 1px solid khaki\"> (<a href=\"https://loinc.org/\">LOINC</a>#14682-9)</span></p><p><b>subject</b>: <a href=\"Patient-example-laboratory-patient.html\">Patient/example-laboratory-patient</a> \" MUTESA\"</p></div>"
  },
  "status": "active",
  "intent": "order",
  "code": {
    "coding": [
      {
        "system": "http://loinc.org",
        "code": "14682-9"
      }
    ]
  },
  "subject": {
    "reference": "Patient/example-laboratory-patient"
  }
}